Spectacle	Choreography	Decor	Costumes	Lightning	Music	Original cast	premiere date	First perf Location	place	coordinate location	Duration	Capsule (Y/N)
Unbalanced March	Merce Cunningham				Paul Hindemit	Merce Cunningham	30/11/38	Elks' Club	Seattle	47.60621,-122.33207	00:07:00	N
Jazz Epigram	Merce Cunningham				Ernst Toc	Merce Cunningham	30/11/38	Elks' Club	Seattle	47.60621,-122.33207		N
						Dorothy Herrmann						
Skinny Structures	Merce Cunningham				Alfredo Casell	Merce Cunningham	24/03/39	Cornish Theatre, Cornish School	Seattle	47.60621,-122.33207		N
					Darius Milhau	Syvilla Fort						
					Jean Wiene	Dorothy Herrmann						
					Felix Petyre							
Courante, Contagion 	Merce Cunningham				Zoe Williams	Merce Cunningham	10/08/39	Mills College	Oakland	37.8,-122.25	00:07:00	N
Renaissance Testimonials 	Merce Cunningham		Charlotte Trowbridge		Maxwell Power	Merce Cunningham	01/08/42	The Theatre, Bennington College	Bennington	42.8852043,-73.2131916	00:05:00	N
										42.87813,-73.19677		
Seeds of Brightness	Merce Cunningham		Charlotte Trowbridge		Norman Lloy	Merce Cunningham	01/08/42	The Theatre, Bennington College	Bennington	42.8852043,-73.2131916		N
						Jean Erdman				42.87813,-73.19677		
Credo in Us	Merce Cunningham		Charlotte Trowbridge		John Cage	Merce Cunningham	01/08/42	The Theatre, Bennington College	Bennington	42.8852043,-73.2131916		N
						Jean Erdman				42.87813,-73.19677		
Ad Lib	Merce Cunningham		Charlotte Trowbridge		Gregory Tucker	Merce Cunningham	01/08/42	The Theatre, Bennington College	Bennington	42.8852043,-73.2131916		N
					John Cage	Jean Erdman				42.87813,-73.19677		
Totem Ancestor 	Merce Cunningham		Charlotte Trowbridge		John Cage	Merce Cunningham	20/10/42	Humphrey-Weidman Studio Theatre	New York City	40.67,-73.94	00:03:00	Y
In the Name of the Holocaust 	Merce Cunningham		Merce Cunningham		John Cage	Merce Cunningham	14/02/43	The Arts Club of Chicago	Chicago	41.881944444444,-87.627777777778	00:06:00	N
Shimmera 	Merce Cunningham		Merce Cunningham		John Cage	Merce Cunningham	14/02/43	The Arts Club of Chicago	Chicago	41.881944444444,-87.627777777778	00:10:00	N
Triple-Paced 	Merce Cunningham		Merce Cunningham		John Cage	Merce Cunningham	05/04/44	Humphrey-Weidman Studio Theatre	New York City	40.67,-73.94	00:05:00	N
Root of an Unfocus 	Merce Cunningham		Merce Cunningham		John Cage	Merce Cunningham	05/04/44	Humphrey-Weidman Studio Theatre	New York City	40.67,-73.94	00:07:00	Y
Tossed As It Is Untroubled 	Merce Cunningham		Merce Cunningham		John Cage	Merce Cunningham	05/04/44	Humphrey-Weidman Studio Theatre	New York City	40.67,-73.94	00:02:30	N
Unavailable Memory Of, The 	Merce Cunningham		Merce Cunningham		John Cage	Merce Cunningham	05/04/44	Humphrey-Weidman Studio Theatre	New York City	40.67,-73.94	00:02:00	N
Spontaneous Earth 	Merce Cunningham		Merce Cunningham		John Cage	Merce Cunningham	05/04/44	Humphrey-Weidman Studio Theatre	New York City	40.67,-73.94	00:03:00	N
Four Walls	Merce Cunningham	Arch Lauterer	Arch Lauterer		John Cage	Patricia Birch	22/08/44	Perry-Mansfield Workshop	Steamboat Springs	40.476388888889,-106.82666666667	01:00:00	N
						Marlise Bok						
						Jean Cummings						
						Merce Cunningham						
						Leora Dana						
						Joan Frederiksen						
						Julie Harris						
						Betty Koerber						
						Connie Kuhni						
						George Lang						
						Patricia Lawrence						
						Fawn Pickett						
						Stanton Schumutz						
						Vivian Steinberg						
						Virginia Tanner						
						Martha Hindle						
Idyllic Song 	Merce Cunningham		Merce Cunningham		Erik Satie	Merce Cunningham	20/11/44	The Women's Club	Richmond	37.533333333333,-77.466666666667	00:06:00	N
Experiences	Merce Cunningham		Merce Cunningham		Livingston Gearhart	Merce Cunningham	09/01/45	Hunter Playhouse	New York City	40.67,-73.94	00:04:00	N
					John Cage							
Mysterious Adventure 	Merce Cunningham		David Hare		John Cage	Merce Cunningham	09/01/45	Hunter Playhouse	New York City	40.67,-73.94	00:07:00	N
Solioquy 	Merce Cunningham				John Cage	Merce Cunningham	09/01/45	Hunter Playhouse	New York City	40.67,-73.94		N
Encounter, The 	Merce Cunningham		Merce Cunningham		John Cage	Merce Cunningham	12/05/46	Hunter Playhouse	New York City	40.67,-73.94	00:07:00	N
Invocation to Vahakn 	Merce Cunningham		Merce Cunningham		Alan Hovhaness	Merce Cunningham	12/05/46	Hunter Playhouse	New York City	40.67,-73.94	00:06:00	N
Fast Blues 	Merce Cunningham				Baby Dodds	Merce Cunningham	12/05/46	Hunter Playhouse	New York City	40.67,-73.94	00:07:00	N
Princess Zondilda and her Entourage, The	Merce Cunningham	Merce Cunningham	Merce Cunningham		Alexei Haieff	Virginia Bosler	12/05/46	Hunter Playhouse	New York City	40.67,-73.94	00:10:00	N
						Merce Cunningham						
						Katherine Litz						
Seasons, The	Merce Cunningham	Isamu Noguchi	Isamu Noguchi	Isamu Noguchi	John Cage	Gisella Cacialanza	18/05/47	Ziegfeld Theater	New York City	40.67,-73.94	00:18:00	Y
						Merce Cunningham						
						Fred Danieli						
						Dorothy Dushock						
						Gerard Leavit						
						Tanaquil LeClerq						
						Job Sanders						
						Beatrice Tompkins						
Open Road, The 	Merce Cunningham		Merce Cunningham		Lou Harrison	Merce Cunningham	14/12/47	Hunter Playhouse	New York City	40.67,-73.94	00:04:00	N
Dromenon	Merce Cunningham		Merce Cunningham		John Cage	Dorothy Berea	14/12/47	Hunter Playhouse	New York City	40.67,-73.94	00:20:00	N
			Sonja Sekula			Shirley Broughton						
						Mili Churchill						
						Merce Cunningham						
						Eleanor Goff						
						Sara Hamill						
						Judith Martin						
Dream 	Merce Cunningham		Merce Cunningham		John Cage	Merce Cunningham	08/05/48	Stephens College	Columbia	38.948333333333,-92.333888888889	00:07:00	N
										38.95171,-92.33407		
Ruse of Medusa, The	Merce Cunningham	Willem de Kooning	Ruth Asawa		Erik Satie	Alvin Charles Few	14/08/48	Black Mountain College	Black Mountain	35.6192,-82.3256		N
		Elaine de Kooning	Buckminster Fuller			Merce Cunningham						
			Bruce Johns			Elaine De Kooning						
			Ray Johnson			Buckminster Fuller						
			Albert Lanier			Isaac Rosenfeld						
			Mary Outten			William Shrauger						
			Raymond Spillenger									
			Forrest Wright									
												
												
Diversion, A	Merce Cunningham		Merce Cunningham		John Cage	Merce Cunningham	20/08/48	Black Mountain College	Black Mountain	35.6192,-82.3256	00:08:00	N
			Mary Outten			Sara Hamill						
						Louise Lippold						
Orestes 	Merce Cunningham		Merce Cunningham		John Cage	Merce Cunningham	20/08/48	Black Mountain College	Black Mountain	35.6192,-82.3256	00:10:00	N
Monkey Dances, [The] 	Merce Cunningham		Merce Cunningham		Erik Satie	Merce Cunningham	20/08/48	Black Mountain College	Black Mountain	35.6192,-82.3256	00:26:00	N
Effusions avant l'heure	Merce Cunningham				John Cage	Merce Cunningham	10/06/49	Jean Hélion's Studio	Paris	48.856577777778,2.3518277777778		N
						Tanaquil LeClerq						
						Betty Nichols						
Amores	Merce Cunningham				John Cage	Merce Cunningham	10/06/49	Jean Hélion's Studio	Paris	48.856577777778,2.3518277777778	00:09:00	N
						Tanaquil LeClerq						
Duet	Merce Cunningham		Léonor Fini			Milorad Miskovitch	29/06/49	Paris, France	Paris	48.856577777778,2.3518277777778		N
						Betty Nichols						
Two-Step 	Merce Cunningham		Merce Cunningham		Erik Satie	Merce Cunningham	18/12/49	City Center Theater	New York City	40.67,-73.94	00:02:34	N
Pool of Darkness	Merce Cunningham		Merce Cunningham		Ben Weber	Dorothy Berea	15/01/50	Hunter Playhouse	New York City	40.67,-73.94		N
						Mili Churchill						
						Merce Cunningham						
						Anneliese Widman						
Before Dawn 	Merce Cunningham		Merce Cunningham			Merce Cunningham	15/01/50	Hunter Playhouse	New York City	40.67,-73.94	00:05:00	N
Waltz 	Merce Cunningham				Erik Satie	Merce Cunningham	24/11/50	Cooper Union	New York City	40.67,-73.94	00:07:00	N
Rag-Time Parade	Merce Cunningham				Erik Satie	Sudie Bond	24/11/50	Cooper Union	New York City	40.67,-73.94	00:17:00	N
						François Canton						
						Remy Charlip						
						Marianne Preger-Simon						
						Rachel Rosenthal						
						Julie Walter						
Sixteen Dances for Soloist and Company of Three	Merce Cunningham		John Cage		John Cage	Dorothy Berea	17/01/51	Bennett Junior College	Millbrook	41.7847,-73.6878	00:53:00	Y
			Remy Charlip			Mili Churchill						
			Merce Cunningham			Merce Cunningham						
			Eleanor de Vito			Anneliese Widman						
Variation 	Merce Cunningham		Merce Cunningham		Morton Feldman	Merce Cunningham	12/04/51	University of Washington	Seattle	47.60621,-122.33207	00:07:00	N
Boy Who Wanted to be a Bird 	Merce Cunningham					Merce Cunningham	30/06/51	Martha's Vineyard, MA	Massachusetts	42.3,-71.8	00:05:00	N
Suite of Six Short Dances 	Merce Cunningham				W.P. Jennerjah	Merce Cunningham	10/03/52	Black Mountain College	Black Mountain	35.6192,-82.3256	00:05:00	N
Les Noces	Merce Cunningham	Howard Bay	Howard Bay		Igor Stravinsky	Ronne Aul	14/06/52	Brandeis University	Waltham	42.380596,-71.235005	00:23:00	N
						Phyllis Backer						
						Helaine Berley						
						Adelaide Case						
						Remy Charlip						
						Merce Cunningham						
						Ben Garber						
						Donald McKayle						
						Jo Anne Melsher						
						Natanya Neumann						
						Marianne Preger-Simon						
						Joan Skinner						
						Naima Wallenrod						
						Anneliese Widman						
Collage	Merce Cunningham				Pierre Schaeffer	Remy Charlip	14/06/52	Brandeis University	Waltham	42.380596,-71.235005		Y
						Merce Cunningham						
						Joanne Finkelor						
						Ben Garber						
						Donald McKayle						
						Jo Anne Melsher						
						Natanya Neumann						
						Marianne Preger-Simon						
						Greta Rosenzweig						
						Anneliese Widman						
Theatre Piece 	Merce Cunningham					Merce Cunningham	30/06/52	Black Mountain College	Black Mountain	35.6192,-82.3256		N
Brigadoon 	Merce Cunningham					Merce Cunningham	15/08/52	Parkway Playhouse,Burnsville School of Fine Arts	Burnsville	35.9186,-82.2975		N
										35.91734,-82.30096		
Suite by Chance	Merce Cunningham		Remy Charlip		Christian Wolff	Carolyn Brown	24/03/53	University of Illinois	Urbana	40.109722222222,-88.204166666667	00:24:00	N
						Merce Cunningham						
						Jo Anne Melsher						
						Natanya Neumann						
						Marianne Preger-Simon						
Solo Suite in Space and Time 	Merce Cunningham		Merce Cunningham		John Cage	Merce Cunningham	23/06/53	Louisiana State University	Baton Rouge	30.4475,-91.178611111111	00:07:00	N
Demonstration Piece	Merce Cunningham					Barbara Brown	23/06/53	Louisiana State University	Baton Rouge	30.4475,-91.178611111111		N
						Dorcas Brown						
						Bobbie Chachere						
						Alida Dureau						
						Sybill Gaines						
						Sonya LeBlanc						
						Katie Planche Freidrichs						
Epilogue	Merce Cunningham				Erik Satie	Barbara Brown	23/06/53	Louisiana State University	Baton Rouge	30.4475,-91.178611111111		N
						Dorcas Brown						
						Bobbie Chachere						
						Alida Dureau						
						Sybill Gaines						
						Sonya LeBlanc						
						Katie Planche Freidrichs						
Banjo	Merce Cunningham		Remy Charlip		Louis Moreau Gottschalk	Carolyn Brown	21/08/53	Black Mountain College	Black Mountain	35.6192,-82.3256	00:15:00	Y
						Remy Charlip						
						Merce Cunningham						
						Viola Farber						
						Jo Anne Melsher						
						Paul Taylor						
Dime a Dance	Merce Cunningham		Remy Charlip	Remy Charlip	David Tudor	Ethel Brodsky	21/08/53	Black Mountain College	Black Mountain	35.6192,-82.3256		Y
						Carolyn Brown						
						Remy Charlip						
						Merce Cunningham						
						Anita Dencks						
						Viola Farber						
						Timothy LaFarge						
						Deborah Moscowitz						
						Paul Taylor						
Septet	Merce Cunningham		Remy Charlip		Erik Satie	Jo Anne Melsher	22/08/53	Black Mountain College	Black Mountain	35.6192,-82.3256	00:16:00	Y
						Carolyn Brown						
						Remy Charlip						
						Merce Cunningham						
						Anita Dencks						
						Viola Farber						
						Paul Taylor						
Untitled Solo 	Merce Cunningham		Merce Cunningham		Christian Wolff	Merce Cunningham	22/08/53	Black Mountain College	Black Mountain	35.6192,-82.3256	00:05:00	N
Fragments	Merce Cunningham		Remy Charlip		Pierre Boulez	Remy Charlip	30/12/53	Theater de Lys	New York City	40.67,-73.94		N
						Jo Anne Melsher						
						Anita Dencks						
						Marianne Preger-Simon						
						Merce Cunningham						
						Carolyn Brown						
						Paul Taylor						
Minutiae	Merce Cunningham	Robert Rauschenberg	Remy Charlip		John Cage	Carolyn Brown	08/12/54	Brooklyn Academy of Music	New York City	40.67,-73.94	00:16:00	Y
						Remy Charlip						
						Merce Cunningham						
						Anita Dencks						
						Viola Farber						
						Marianne Preger-Simon						
Springweather and People	Merce Cunningham		Remy Charlip		Earle Brown	Carolyn Brown	24/05/55	Bard College	Annandale-on-Hudson	42.0128,-73.9082	00:33:00	N
			Robert Rauschenberg			Remy Charlip						
						Merce Cunningham						
						Anita Dencks						
						Viola Farber						
						Marianne Preger-Simon						
Galaxy	Merce Cunningham		Remy Charlip		Earle Brown	Carolyn Brown	18/05/56	University of Notre Dame	South Bend	41.676388888889,-86.250277777778	00:07:30	N
						Remy Charlip						
						Viola Farber						
						Marianne Preger-Simon						
Lavish Escapade 	Merce Cunningham		Merce Cunningham		Christian Wolff	Merce Cunningham	18/05/56	University of Notre Dame	South Bend	41.676388888889,-86.250277777778		Y
Suite for Five	Merce Cunningham		Robert Rauschenberg	Beverly Emmons	John Cage	Carolyn Brown	18/05/56	University of Notre Dame	South Bend	41.676388888889,-86.250277777778	00:23:00	Y
						Merce Cunningham						
						Remy Charlip						
						Viola Farber						
						Marianne Preger-Simon						
Nocturnes	Merce Cunningham	Robert Rauschenberg	Robert Rauschenberg		Erik Satie	Carolyn Brown	11/07/56	Jacob's Pillow	Massachusetts	42.3,-71.8	00:30:00	Y
						Remy Charlip						
						Merce Cunningham						
						Viola Farber						
						Bruce King						
						Marianne Preger-Simon						
Labyrinthian Dances	Merce Cunningham	Robert Rauschenberg	Robert Rauschenberg		Josef Matthias Hauer	Carolyn Brown	30/11/57	Brooklyn Academy of Music	New York City	40.67,-73.94		N
						Remy Charlip						
						Merce Cunningham						
						Viola Farber						
						Bruce King						
						Marianne Preger-Simon						
Changeling 	Merce Cunningham		Robert Rauschenberg	Robert Rauschenberg	Christian Wolff	Merce Cunningham	30/11/57	Brooklyn Academy of Music	New York City	40.67,-73.94		Y
Picnic Polka	Merce Cunningham		Remy Charlip		Louis Moreau Gottschalk	Carolyn Brown	30/11/57	Brooklyn Academy of Music	New York City	40.67,-73.94		N
						Remy Charlip						
						Merce Cunningham						
						Viola Farber						
						Bruce King						
						Marianne Preger-Simon						
Antic Meet	Merce Cunningham	Robert Rauschenberg	Robert Rauschenberg		John Cage	Carolyn Brown	14/08/58	American Dance Festival, Connecticut College	New London	41.354069,-72.10104	00:30:00	Y
						Remy Charlip						
						Merce Cunningham						
						Viola Farber						
						Cynthia Stone						
						Marilyn Wood						
Summerspace	Merce Cunningham	Robert Rauschenberg	Robert Rauschenberg	Aaron Copp	Morton Feldman	Carolyn Brown	17/08/58	American Dance Festival, Connecticut College	New London	41.354069,-72.10104	00:15:00	Y
						Remy Charlip						
						Merce Cunningham						
						Viola Farber						
						Cynthia Stone						
						Marilyn Wood						
Night Wandering (Nattvandrare)	Merce Cunningham		Nicola Cernovich	Nicola Cernovich	Bo Nilsson	Carolyn Brown	05/10/58	Kungl Teatern	Stockholm	59.329444444444,18.068611111111	00:13:00	Y
			Robert Rauschenberg	Beverly Emmons		Merce Cunningham						
												
From the Poems of White Stone	Merce Cunningham				Chou Wen-Chung	Carolyn Brown	04/03/59	University of Illinois	Urbana	40.109722222222,-88.204166666667		N
						Remy Charlip						
						Merce Cunningham						
						Judith Dunn						
						Viola Farber						
						Marilyn Wood						
Gambit for Dancers and Orchestra	Merce Cunningham	Robert Rauschenberg	Robert Rauschenberg		Ben Johnston Gambit	Carolyn Brown	04/03/59	University of Illinois	Urbana	40.109722222222,-88.204166666667	00:17:00	N
						Remy Charlip						
						Merce Cunningham						
						Judith Dunn						
						Viola Farber						
						Marilyn Wood						
Rune	Merce Cunningham	Robert Rauschenberg	Robert Rauschenberg	Robert Rauschenberg	Christian Wolff	Merce Cunningham	14/08/59	American Dance Festival, Connecticut College	New London	41.354069,-72.10104	00:25:00	Y
						Remy Charlip						
						Carolyn Brown						
						Judith Dunn						
						Viola Farber						
						Marilyn Wood						
Theater Piece	Merce Cunningham				John Cage	Merce Cunningham	07/03/60	Composer's Showcase, Circle in the Square	New York City	40.67,-73.94		N
						Carolyn Brown						
Crises	Merce Cunningham		Robert Rauschenberg		Conlon Nancarrow	Carolyn Brown	19/08/60	American Dance Festival, Connecticut College	New London	41.354069,-72.10104	00:22:00	Y
						Merce Cunningham						
						Judith Dunn						
						Viola Farber						
						Marilyn Wood						
Hands Birds 	Merce Cunningham		Robert Rauschenberg		Earle Brown	Carolyn Brown	24/09/60	Teatro la Fenice	Venice	45.439722222222,12.331944444444	00:16:50	N
Waka 	Merce Cunningham		Robert Rauschenberg		Toshi Ichiyanagi	Carolyn Brown	24/09/60	Teatro la Fenice	Venice	45.439722222222,12.331944444444	00:07:00	N
Music Walk with Dancers	Merce Cunningham				John Cage	Merce Cunningham	24/09/60	Teatro la Fenice	Venice	45.439722222222,12.331944444444	00:10:00	N
						Carolyn Brown						
Aeon	Merce Cunningham	Robert Rauschenberg	Robert Rauschenberg		John Cage	Shareen Blair	05/08/61	Theatre la Comédie Canadienne	Montreal	45.508888888889,-73.561666666667	00:45:00	Y
						Carolyn Brown						
						Remy Charlip						
						Merce Cunningham						
						Judith Dunn						
						Viola Farber						
						Steve Paxton						
						Valda Setterfield						
						Marilyn Wood						
Field Dances	Merce Cunningham		Robert Rauschenberg	Beverly Emmons	John Cage	Shareen Blair	17/07/63	University of California	Los Angeles	34.05223,-118.24368	00:12:00	Y
						Carolyn Brown						
						Merce Cunningham						
						Viola Farber						
Story	Merce Cunningham	Robert Rauschenberg	Robert Rauschenberg		Toshi Ichiyanagi	Shareen Blair	24/07/63	University of California	Los Angeles	34.05223,-118.24368	00:27:00	Y
						Carolyn Brown						
						Merce Cunningham						
						William Davies						
						Viola Farber						
						Barbara Lloyd						
						Steve Paxton						
Open Session 	Merce Cunningham		Merce Cunningham			Merce Cunningham	19/03/64	Wadsworth Atheneum	Hartford	41.763333333333,-72.685	00:07:00	N
Paired	Merce Cunningham		Robert Rauschenberg		John Cage	Carolyn Brown	21/03/64	Wadsworth Atheneum	Hartford	41.763333333333,-72.685		N
						Shareen Blair						
						Merce Cunningham						
						William Davies						
						Viola Farber						
						Deborah Hay						
						Barbara Lloyd						
						Sandra Neels						
Winterbranch	Merce Cunningham	Robert Rauschenberg	Robert Rauschenberg	Robert Rauschenberg	La Monte Young	Carolyn Brown	21/03/64	Wadsworth Atheneum	Hartford	41.763333333333,-72.685	00:23:00	Y
						Merce Cunningham						
						William Davies						
						Viola Farber						
						Barbara Lloyd						
						Steve Paxton						
Museum Event No. 1 (Events)	Merce Cunningham				John Cage	Merce Cunningham	24/06/64	Museum des 20 Jahrhunderts	Vienna	48.20833,16.373064	01:15:00	Y
						Shareen Blair						
						Carolyn Brown						
						William Davies						
						Viola Farber						
						Deborah Hay						
						Barbara Lloyd						
						Sandra Neels						
						Steve Paxton						
						Albert Reid						
Cross Currents	Merce Cunningham		Merce Cunningham	Robert Rauschenberg	Conlon Nancarrow	Carolyn Brown	31/07/64	Sadler's Wells Theatre	London	51.507222222222,-0.1275	00:07:00	Y
						Merce Cunningham						
						Viola Farber						
Variations V	Merce Cunningham	Nam June Paik		Beverly Emmons	John Cage	Carolyn Brown	23/07/65	Philharmonic Hall, Lincoln Center	New York City	40.67,-73.94	00:45:00	Y
		Stan VanDerBeek				Merce Cunningham						
						Viola Farber						
						Barbara Lloyd						
						Sandra Neels						
						Albert Reid						
						Peter Saul						
						Gus Solomons jr						
How to Pass, Kick, Fall and Run	Merce Cunningham			Beverly Emmons	John Cage	Carolyn Brown	24/11/65	Harper Theater	Chicago	41.881944444444,-87.627777777778	00:23:00	Y
						Merce Cunningham						
						Meg Harper						
						Barbara Lloyd						
						Sandra Neels						
						Albert Reid						
						Peter Saul						
						Valda Setterfield						
						Gus Solomons jr						
Place	Merce Cunningham	Beverly Emmons			Gordon Mumma	Carolyn Brown	06/08/66	Fondation Maeght	Saint-Paul-de-Vence	43.696388888889,7.1222222222222		Y
						Merce Cunningham						
						Barbara Lloyd						
						Sandra Neels						
						Albert Reid						
						Peter Saul						
						Valda Setterfield						
						Gus Solomons jr						
Scramble	Merce Cunningham	Frank Stella	Frank Stella	Beverly Emmons	Toshi Ichiyanagi	Carolyn Brown	25/07/67	Ravinia Festival	Chicago	41.881944444444,-87.627777777778	00:23:00	Y
						Merce Cunningham						
						Barbara Lloyd						
						Sandra Neels						
						Albert Reid						
						Yseult Riopelle						
						Valda Setterfield						
						Gus Solomons jr						
RainForest	Merce Cunningham	Andy Warhol	Jasper Johns		David Tudor	Carolyn Brown	03/09/68	Buffalo State College, State University of New York	Buffalo	42.904722222222,-78.849444444444	00:18:00	Y
						Merce Cunningham						
						Barbara Lloyd						
						Sandra Neels						
						Albert Reid						
						Gus Solomons jr						
Walkaround Time	Merce Cunningham	Marcel Duchamp	Jasper Johns	Beverly Emmons	David Behrman	Carolyn Brown	10/03/68	State University of New York	Buffalo	42.904722222222,-78.849444444444	00:50:00	Y
		Jasper Johns				Merce Cunningham						
						Meg Harper						
						Barbara Lloyd						
						Sandra Neels						
						Albert Reid						
						Valda Setterfield						
						Gus Solomons jr						
Assemblage	Merce Cunningham				John Cage	Carolyn Brown	03/11/68	KQED - TV	San Francisco	37.766667,-122.433333	00:59:00	N
					David Tudor	Merce Cunningham						
					Gordon Mumma	Meg Harper						
						Susana Hayman-Chaffey						
						Sandra Neels						
						Chase Robinson						
						Valda Setterfield						
						Jeff Slayton						
						Mel Wong						
Canfield	Merce Cunningham	Robert Morris	Jasper Johns		Pauline Oliveros	Carolyn Brown	04/03/69	Nazareth College	Rochester	43.165555555556,-77.611388888889	00:20:00	Y
						Merce Cunningham						
						Meg Harper						
						Susana Hayman-Chaffey						
						Sandra Neels						
						Chase Robinson						
						Valda Setterfield						
						Jeff Slayton						
						Mel Wong						
Tread	Merce Cunningham	Bruce Nauman	Merce Cunningham	Richard Nelson	Christian Wolff	Carolyn Brown	05/01/70	Brooklyn Academy of Music	New York City	40.67,-73.94	00:20:00	Y
						Merce Cunningham						
						Douglas Dunn						
						Meg Harper						
						Susana Hayman-Chaffey						
						Sandra Neels						
						Chase Robinson						
						Valda Setterfield						
						Jeff Slayton						
						Mel Wong						
Second Hand	Merce Cunningham		Jasper Johns	Richard Nelson	John Cage	Carolyn Brown	08/01/70	Brooklyn Academy of Music	New York City	40.67,-73.94	00:30:00	Y
						Merce Cunningham						
						Douglas Dunn						
						Meg Harper						
						Susana Hayman-Chaffey						
						Sandra Neels						
						Chase Robinson						
						Valda Setterfield						
						Jeff Slayton						
						Mel Wong						
Signals	Merce Cunningham		Merce Cunningham	Richard Nelson	John Cage	Louise Burns	05/06/70	Théâtre de France	Paris	48.856577777778,2.3518277777778	00:20:00	Y
					Gordon Mumma	Merce Cunningham						
					David Tudor	Douglas Dunn						
						Susana Hayman-Chaffey						
						Valda Setterfield						
						Mel Wong						
Objects	Merce Cunningham	Neil Jenney			Alvin Lucier	Carolyn Brown	10/11/70	Brooklyn Academy of Music	New York City	40.67,-73.94	00:32:00	N
						Louise Burns						
						Merce Cunningham						
						Ulysses Dove						
						Douglas Dunn						
						Meg Harper						
						Susana Hayman-Chaffey						
						Sandra Neels						
						Chase Robinson						
Loops 	Merce Cunningham				Gordon Mumma	Merce Cunningham	03/11/71	Museum of Modern Art	New York City	40.67,-73.94	00:07:00	N
Landrover	Merce Cunningham		Jasper Johns	Richard Nelson	Gordon Mumma	Carolyn Brown	01/02/72	Brooklyn Academy of Music	New York City	40.67,-73.94	00:52:00	Y
					David Tudor	Merce Cunningham						
					John Cage	Ulysses Dove						
						Douglas Dunn						
						Meg Harper						
						Nanette Hassall						
						Susana Hayman-Chaffey						
						Chris Komar						
						Sandra Neels						
						Chase Robinson						
						Valda Setterfield						
TV Rerun	Merce Cunningham	Jasper Johns	Jasper Johns	Richard Nelson	Gordon Mumma	Carolyn Brown	02/02/72	Brooklyn Academy of Music	New York City	40.67,-73.94	00:27:00	Y
						Merce Cunningham						
						Ulysses Dove						
						Douglas Dunn						
						Meg Harper						
						Nanette Hassall						
						Chris Komar						
						Sandra Neels						
						Valda Setterfield						
Borst Park	Merce Cunningham				Christian Wolff	Merce Cunningham	08/02/72	Brooklyn Academy of Music	New York City	40.67,-73.94	00:32:00	N
						Ulysses Dove						
						Meg Harper						
						Nanette Hassall						
						Chris Komar						
						Sandra Neels						
Changing Steps	Merce Cunningham		Charles Atlas	Charles Atlas	John Cage	Douglas Dunn	22/03/73	Brooklyn Academy of Music	New York City	40.67,-73.94	00:30:00	Y
						Meg Harper						
						Susana Hayman-Chaffey						
						Chris Komar						
						Robert Kovich						
						Barbara Lias						
						Brynar Mehl						
						Sandra Neels						
						Julie Roess-Smith						
						Valda Setterfield						
Un jour ou deux	Merce Cunningham		Jasper Johns		John Cage	Francoise Ambriere	06/11/73	Opera de Paris	Paris	48.856577777778,2.3518277777778	01:30:00	Y
						Claude Ariel						
						Michele Baude						
						Michel Berges						
						Anny Carbonnel						
						Josyanne Consoli						
						Alain Debrus						
						Michael Denard						
						Marie-Claude Dubus						
						Philippe Gerbet						
						Jean-Paul Gravier						
						Jean Guizerix						
						Colette Hauleux						
						Vladimir Huot						
						Danielle Joly						
						Charles Jude						
						Jeanine Julien						
						Gerard Lignon						
						Francis Malovik						
						Thierry Mongne						
						Wilfride Piollet						
						Chantal Quarrez						
						Laure Renaudel						
						Jessica Sordoillet						
						Pascal Vernier						
						Pascal Vincent						
Exercise Piece	Merce Cunningham					Karen Attix	14/02/75	Merce Cunningham Studio	New York City	40.67,-73.94		N
						Meg Harper						
						Catherine Kerr						
						Chris Komar						
						Charles Moulton						
						Valda Setterfield						
						Julie Roess-Smith						
						Robert Kovich						
						Ellen Cornfield						
Westbeth	Merce Cunningham		Mark Lancaster		John Cage	Karen Attix	14/02/74	Merce Cunningham Studio	New York City	40.67,-73.94	00:32:00	N
						Ellen Cornfield						
						Meg Harper						
						Catherine Kerr						
						Chris Komar						
						Robert Kovich						
						Brynar Mehl						
						Charles Moulton						
						Julie Roess-Smith						
						Valda Setterfield						
						George Titus						
Rebus	Merce Cunningham	Mark Lancaster	Mark Lancaster			Karen Attix	07/03/75	Music Hall	Detroit	42.331666666667,-83.0475	00:31:00	Y
						Ellen Cornfield						
						Merce Cunningham						
						Meg Harper						
						Susana Hayman-Chaffey						
						Catherine Kerr						
						Chris Komar						
						Robert Kovich						
						Brynar Mehl						
						Charles Moulton						
						Julie Roess-Smith						
Sounddance	Merce Cunningham	Mark Lancaster	Mark Lancaster	Mark Lancaster	David Tudor	Ellen Cornfield	08/03/75	Music Hall	Detroit	42.331666666667,-83.0475	00:17:00	Y
						Merce Cunningham						
						Meg Harper						
						Susana Hayman-Chaffey						
						Catherine Kerr						
						Chris Komar						
						Robert Kovich						
						Brynar Mehl						
						Charles Moulton						
						Julie Roess-Smith						
Solo 	Merce Cunningham		Sonja Sekula		John Cage	Merce Cunningham	08/03/75	Music Hall	Detroit	42.331666666667,-83.0475	00:10:00	N
Torse	Merce Cunningham		Mark Lancaster	Mark Lancaster	Maryanne Amacher	Karen Attix	15/01/76	McCarter Theatre	Princeton	40.352222222222,-74.656944444444	00:55:00	Y
						Ellen Cornfield						
						Morgan Ensminger						
						Meg Harper						
						Susana Hayman-Chaffey						
						Catherine Kerr						
						Chris Komar						
						Robert Kovich						
						Charles Moulton						
						Julie Roess-Smith						
Squaregame	Merce Cunningham	Mark Lancaster	Mark Lancaster		Takehisa Kosugi	Karole Armitage	24/03/76	Festival Theatre	Adelaide	-34.933333333333,138.58333333333	00:26:00	Y
						Karen Attix						
						Ellen Cornfield						
						Merce Cunningham						
						Morgan Ensminger						
						Meg Harper						
						Susana Hayman-Chaffey						
						Catherine Kerr						
						Chris Komar						
						Robert Kovich						
						Raymond Kurshals						
						Charles Moulton						
						Julie Roess-Smith						
Travelogue	Merce Cunningham	Robert Rauschenberg	Robert Rauschenberg		John Cage	Karole Armitage	18/01/77	Minskoff Theatre	New York City	40.67,-73.94	00:33:00	N
						Ellen Cornfield						
						Merce Cunningham						
						Morgan Ensminger						
						Meg Harper						
						Chris Komar						
						Robert Kovich						
						Julie Roess-Smith						
Inlets	Merce Cunningham	Morris Graves	Morris Graves	Charles Atlas	John Cage	Karole Armitage	10/09/77	Meany Hall, Cornish College of the Arts	Seattle	47.60621,-122.33207	00:26:00	Y
						Ellen Cornfield						
						Merce Cunningham						
						Lisa Fox						
						Chris Komar						
						Robert Kovich						
Fractions	Merce Cunningham	Mark Lancaster	Mark Lancaster		Jon Gibson	Karole Armitage	26/02/78	Boston English High School	Boston	42.3605,-71.0596	00:30:00	Y
						Louise Burns						
						Ellen Cornfield						
						Meg Eginton						
						Lisa Fox						
						Chris Komar						
						Robert Kovich						
						Jim Self						
Exercise Piece I	Merce Cunningham					Meg Eginton	25/03/78	Roundabout Theatre	New York City	40.67,-73.94		N
						Susan Emery						
						Lise Friedman						
						Rob Remley						
Exercise Piece II	Merce Cunningham					Karole Armitage	18/08/78	Royal Alexandra Theatre	Toronto	43.670277777778,-79.386666666667		N
						Louise Burns						
						Ellen Cornfield						
						Meg Eginton						
						Susan Emery						
						Lisa Fox						
						Lise Friedman						
						Alan Good						
						Catherine Kerr						
						Chris Komar						
						Robert Kovich						
						Joseph Lennon						
						Rob Remley						
						Jim Self						
Exchange	Merce Cunningham	Jasper Johns	Jasper Johns	Charles Atlas	David Tudor	Merce Cunningham	27/09/78	City Center Theater	New York City	40.67,-73.94	00:35:00	Y
						Karole Armitage						
						Louise Burns						
						Ellen Cornfield						
						Meg Eginton						
						Susan Emery						
						Lisa Fox						
						Lise Friedman						
						Alan Good						
						Catherine Kerr						
						Chris Komar						
						Robert Kovich						
						Joseph Lennon						
						Rob Remley						
						Jim Self						
Tango 	Merce Cunningham	Mark Lancaster	Mark Lancaster		John Cage	Merce Cunningham	05/10/78	City Center Theater	New York City	40.67,-73.94	00:07:00	N
Roadrunners	Merce Cunningham		Mark Lancaster		Yasuno Tone	Karole Armitage	19/08/79	Duke University	Durham	35.9875,-78.907222	00:22:00	Y
						Louise Burns						
						Ellen Cornfield						
						Merce Cunningham						
						Meg Eginton						
						Susan Emery						
						Lisa Fox						
						Lise Friedman						
						Alan Good						
						Catherine Kerr						
						Chris Komar						
						Robert Kovich						
						Joseph Lennon						
						Rob Remley						
						Jim Self						
Locale	Merce Cunningham		Charles Atlas	Charles Atlas	Takehisa Kosugi	Karole Armitage	09/10/79	Théâtre de la Ville	Paris	48.856577777778,2.3518277777778	00:28:00	Y
						Louise Burns						
						Ellen Cornfield						
						Meg Eginton						
						Susan Emery						
						Lisa Fox						
						Lise Friedman						
						Alan Good						
						Catherine Kerr						
						Chris Komar						
						Robert Kovich						
						Joseph Lennon						
						Rob Remley						
						Jim Self						
Exercise Piece III	Merce Cunningham					Karen Attix	23/02/80	Merce Cunningham Studio	New York City	40.67,-73.94		N
						Ellen Cornfield						
						Meg Harper						
						Catherine Kerr						
						Chris Komar						
						Robert Kovich						
						Charles Moulton						
						Julie Roess-Smith						
						Valda Setterfield						
Duets	Merce Cunningham		Mark Lancaster	Mark Lancaster	John Cage	Karole Armitage	26/02/80	City Center Theater	New York City	40.67,-73.94	00:16:00	Y
						Louise Burns						
						Merce Cunningham						
						Meg Eginton						
						Susan Emery						
						Lise Friedman						
						Alan Good						
						Catherine Kerr						
						Chris Komar						
						Robert Kovich						
						Joseph Lennon						
						Rob Remley						
Fielding Sixes	Merce Cunningham		Robert Rauschenberg	Robert Rauschenberg	John Cage	Shareen Blair	30/06/80	University of California	Los Angeles	34.05223,-118.24368	00:12:00	Y
						Carolyn Brown						
						Merce Cunningham						
						Viola Farber						
10's with Shoes	Merce Cunningham	Mark Lancaster	Mark Lancaster		Martin Kalve	Karole Armitage	17/03/81	City Center Theater	New York City	40.67,-73.94	00:17:00	N
						Louise Burns						
						Ellen Cornfield						
						Alan Good						
						Neil Greenberg						
						Chris Komar						
						Joseph Lennon						
Channels/Inserts	Merce Cunningham		Charles Atlas	Charles Atlas	David Tudor	Karole Armitage	24/03/81	City Center Theater	New York City	40.67,-73.94	00:28:00	Y
						Louise Burns						
						Ellen Cornfield						
						Susan Emery						
						Lise Friedman						
						Alan Good						
						Catherine Kerr						
						Chris Komar						
						Judy Lazaroff						
						Joseph Lennon						
						Rob Remley						
						Robert Swinston						
						Megan Walker						
Gallopade	Merce Cunningham	Mark Lancaster	Mark Lancaster		Takehisa Kosugi	Merce Cunningham	10/06/81	Sadler's Wells Theatre	London	51.507222222222,-0.1275	00:17:00	N
						Susan Emery						
						Lise Friedman						
						Catherine Kerr						
						Judy Lazaroff						
						Rob Remley						
						Robert Swinston						
						Megan Walker						
Trails	Merce Cunningham	Mark Lancaster	Mark Lancaster		John Cage	Louise Burns	16/03/82	City Center Theater	New York City	40.67,-73.94	00:30:00	Y
						Ellen Cornfield						
						Lise Friedman						
						Alan Good						
						Neil Greenberg						
						Catherine Kerr						
						Chris Komar						
						Joseph Lennon						
						Robert Swinston						
						Megan Walker						
Numbers	Merce Cunningham					Louise Burns	18/03/82	City Center Theater	New York City	40.67,-73.94	00:33:00	N
						Ellen Cornfield						
						Susan Emery						
						Neil Greenberg						
						Judy Lazaroff						
						Susan Quinn						
						Rob Remley						
Quartet	Merce Cunningham	Mark Lancaster	Mark Lancaster		David Tudor	Helen Barrow	27/10/82	Theatre des Champs-Elysees	Paris	48.856577777778,2.3518277777778	00:17:00	Y
						Merce Cunningham						
						Susan Emery						
						Judy Lazaroff						
						Rob Remley						
Coast Zone	Merce Cunningham		Charles Atlas		Larry Austin	Helen Barrow	18/03/83	City Center Theater	New York City	40.67,-73.94	00:27:00	N
						Louise Burns						
						Lise Friedman						
						Alan Good						
						Neil Greenberg						
						Catherine Kerr						
						Judy Lazaroff						
						Joseph Lennon						
						Susan Quinn						
						Rob Remley						
						Robert Swinston						
						Megan Walker						
Inlets 2	Merce Cunningham		Mark Lancaster		John Cage	Helen Barrow	26/10/83	Le Colisee (Festival de Lille)	Roubaix	50.69,3.1816666666667	00:20:00	Y
						Susan Emery						
						Lise Friedman						
						Alan Good						
						Chris Komar						
						Joseph Lennon						
						Karen Radford						
						Megan Walker						
Roaratorio	Merce Cunningham		Mark Lancaster	Mark Lancaster	John Cage	Helen Barrow	26/10/83	Le Colisée de Roubaix (Festival de Lille)	Roubaix	50.69,3.1816666666667	01:00:00	Y
						Louise Burns						
						Merce Cunningham						
						Susan Emery						
						Lise Friedman						
						Alan Good						
						Neil Greenberg						
						Catherine Kerr						
						Chris Komar						
						Judy Lazaroff						
						Joseph Lennon						
						Susan Quinn						
						Karen Radford						
						Rob Remley						
						Robert Swinston						
						Megan Walker						
Pictures	Merce Cunningham	Mark Lancaster	Mark Lancaster	Mark Lancaster	David Behrman	Merce Cunningham	06/03/84	City Center Theater	New York City	40.67,-73.94	00:29:00	Y
						Helen Barrow						
						Louise Burns						
						Lise Friedman						
						Alan Good						
						Neil Greenberg						
						Catherine Kerr						
						Chris Komar						
						Joseph Lennon						
						Patricia Lent						
						Karen Radford						
						Rob Remley						
						Robert Swinston						
						Megan Walker						
						Susan Quinn						
Doubles	Merce Cunningham	Mark Lancaster	Mark Lancaster		Takehisa Kosugi	Helen Barrow	28/07/84	Duke University	Durham	35.9875,-78.907222	00:25:00	Y
						Louise Burns						
						Lise Friedman						
						Alan Good						
						Neil Greenberg						
						Catherine Kerr						
						Chris Komar						
						Joseph Lennon						
						Patricia Lent						
						Susan Quinn						
						Karen Radford						
						Rob Remley						
						Robert Swinston						
						Megan Walker						
Phrases	Merce Cunningham	William Anastasi	Dove Bradshaw		David Tudor	Helen Barrow	07/12/84	Théâtre Municipal d'Angers	Angers	47.472777777778,-0.55555555555556	00:31:00	N
						Louise Burns						
						Merce Cunningham						
						Victoria Finlayson						
						Alan Good						
						Neil Greenberg						
						Catherine Kerr						
						Chris Komar						
						Joseph Lennon						
						Patricia Lent						
						Susan Quinn						
						Karen Radford						
						Rob Remley						
						Robert Swinston						
						Megan Walker						
Deli Commedia	Merce Cunningham		Dove Bradshaw		Pat Richter	Brenda Daniels	24/01/85	Merce Cunningham Studio	New York City	40.67,-73.94	00:18:00	N
						Frey Faust						
						Kristy Santimyer						
						Carol Teitelbaum						
						Bill Young						
Native Green	Merce Cunningham	William Anastasi	William Anastasi	Aaron Copp	John King	Helen Barrow	12/03/85	City Center Theater	New York City	40.67,-73.94	00:16:00	Y
						Alan Good						
						Chris Komar						
						Patricia Lent						
						Megan Walker Straight						
						Robert Swinston						
Arcade	Merce Cunningham	Dove Bradshaw	Dove Bradshaw		John Cage	Helen Barrow	14/11/85	Annenberg Center, University of Pennsylvania	Philadelphia	39.952777777778,-75.163611111111	00:23:00	N
						Victoria Finlayson						
						Alan Good						
						Neil Greenberg						
						Catherine Kerr						
						Patricia Lent						
						Susan Quinn						
						Karen Radford						
						Rob Remley						
						Kristy Santimyer						
						Kevin Schroder						
						Robert Swinston						
						Megan Walker						
Grange Eve	Merce Cunningham	William Anastasi	William Anastasi		Takehisa Kosugi	Helen Barrow	18/03/86	City Center Theater	New York City	40.67,-73.94	00:22:00	N
						Merce Cunningham						
						Victoria Finlayson						
						Alan Good						
						Catherine Kerr						
						Chris Komar						
						Patricia Lent						
						Susan Quinn						
						Karen Radford						
						Rob Remley						
						Kristy Santimyer						
						Kevin Schroder						
						Robert Swinston						
						Megan Walker						
Fabrications	Merce Cunningham	Dove Bradshaw	Dove Bradshaw		Emanuel Dimas de Melo Pimenta	Helen Barrow	21/02/87	Northrop Auditorium	Minneapolis	44.9733,-93.2643	00:30:00	Y
						Merce Cunningham						
						Victoria Finlayson						
						Alan Good						
						Catherine Kerr						
						Chris Komar						
						David Kulick						
						Patricia Lent						
						Dennis O'Connor						
						Susan Quinn						
						Karen Radford						
						Rob Remley						
						Kristy Santimyer						
						Robert Swinston						
						Carol Teitelbaum						
Shards	Merce Cunningham	William Anastasi	William Anastasi	William Anastasi	David Tudor	Helen Barrow	04/03/87	City Center Theater	New York City	40.67,-73.94	00:26:00	Y
						Victoria Finlayson						
						Catherine Kerr						
						Alan Good						
						David Kulick						
						Patricia Lent						
						Rob Remley						
						Susan Quinn Young						
Points in Space	Merce Cunningham	William Anastasi	Dove Bradshaw	Dove Bradshaw	John Cage	Helen Barrow	10/03/87	City Center Theater	New York City	40.67,-73.94	00:26:00	Y
						Victoria Finlayson						
						Alan Good						
						Catherine Kerr						
						Chris Komar						
						David Kulick						
						Patricia Lent						
						Susan Quinn						
						Karen Radford						
						Rob Remley						
						Kristy Santimyer						
						Robert Swinston						
Carousal	Merce Cunningham		Dove Bradshaw		Takehisa Kosugi	Helen Barrow	18/08/87	Jacob's Pillow	Massachusetts	42.3,-71.8	00:24:00	N
						Victoria Finlayson						
						Alan Good						
						Catherine Kerr						
						Chris Komar						
						David Kulick						
						Patricia Lent						
						Larissa McGoldrick						
						Dennis O'Connor						
						Karen Radford						
						Rob Remley						
						Kristy Santimyer						
						Robert Swinston						
Eleven	Merce Cunningham		William Anastasi		Robert Ashley	Helen Barrow	09/03/88	The Joyce Theater	New York City	40.67,-73.94	00:27:00	N
						Victoria Finlayson						
						Alan Good						
						Chris Komar						
						David Kulick						
						Patricia Lent						
						Larissa McGoldrick						
						Dennis O'Connor						
						Kristy Santimyer						
						Robert Swinston						
						Carol Teitelbaum						
Five Stone	Merce Cunningham	Mark Lancaster	Mark Lancaster		John Cage	Helen Barrow	16/06/88	Freie Volksbühne	Berlin	52.516666666667,13.383333333333	00:55:00	N
						Merce Cunningham						
						Victoria Finlayson						
						Alan Good						
						Chris Komar						
						David Kulick						
						Patricia Lent						
						Larissa McGoldrick						
						Dennis O'Connor						
						Kristy Santimyer						
						Robert Swinston						
						Carol Teitelbaum						
						Robert Wood						
Five Stone Wind	Merce Cunningham	Mark Lancaster	Mark Lancaster	Mark Lancaster	John Cage	Helen Barrow	30/07/88	Cour d'Honneur du Palais des Papes (Festival d'Avignon)	Avignon	43.948611111111,4.8083333333333	00:55:00	Y
					David Tudor	Kimberly Bartosik						
					Takehisa Kosugi	Merce Cunningham						
						Emma Diamond						
						Victoria Finlayson						
						Alan Good						
						Chris Komar						
						David Kulick						
						Patricia Lent						
						Larissa McGoldrick						
						Dennis O'Connor						
						Kristy Santimyer						
						Robert Swinston						
						Carol Teitelbaum						
						Robert Wood						
Cargo X	Merce Cunningham		Dove Bradshaw		Takehisa Kosugi	Helen Barrow	09/07/88	University of Texas	Austin	30.3,-97.733333333333	00:20:00	N
						Emma Diamond						
						David Kulick						
						Larissa McGoldrick						
						Dennis O'Connor						
						Kristy Santimyer						
						Robert Wood						
Field and Figures	Merce Cunningham	Andrew Ginzel	Andrew Ginzel		Ivan Tcherepnin	Helen Barrow	17/02/89	Northrop Auditorium	Minneapolis	44.9733,-93.2643		N
		Kristin Jones	Kristin Jones			Kimberly Bartosik						
						Emma Diamond						
						Victoria Finlayson						
						Alan Good						
						Chris Komar						
						David Kulick						
						Patricia Lent						
						Larissa McGoldrick						
						Dennis O'Connor						
						Kristy Santimyer						
						Robert Swinston						
						Carol Teitelbaum						
						Robert Wood						
August Pace	Merce Cunningham	Afrika (Sergei Bugaev)	Afrika (Sergei Bugaev)	Merce Cunningham	Michael Pugliese	Helen Barrow	22/09/89	Zellerbach Hall	Berkeley	37.870277777778,-122.26805555556	00:26:00	Y
						Kimberly Bartosik						
						Michael Cole						
						Emma Diamond						
						Victoria Finlayson						
						Alan Good						
						Chris Komar						
						David Kulick						
						Patricia Lent						
						Larissa McGoldrick						
						Dennis O'Connor						
						Robert Swinston						
						Carol Teitelbaum						
						Jenifer Weaver						
						Robert Wood						
Inventions	Merce Cunningham	Carl Kielblock	Carl Kielblock		John Cage	Helen Barrow	23/09/89	University of California	Berkeley	37.870277777778,-122.26805555556	00:29:00	N
						Kimberly Bartosik						
						Michael Cole						
						Emma Diamond						
						Victoria Finlayson						
						Alan Good						
						Chris Komar						
						David Kulick						
						Patricia Lent						
						Larissa McGoldrick						
						Dennis O'Connor						
						Kristy Santimyer						
						Robert Swinston						
						Carol Teitelbaum						
						Robert Wood						
Polarity	Merce Cunningham	William Anastasi	William Anastasi		David Tudor	Helen Barrow	20/03/90	City Center Theater	New York City	40.67,-73.94	00:54:00	N
						Victoria Finlayson						
						Alan Good						
						Chris Komar						
						Patricia Lent						
						Robert Swinston						
						Carol Teitelbaum						
Neighbors	Merce Cunningham	Mark Lancaster	Mark Lancaster		Takehisa Kosugi	Victoria Finlayson	13/03/91	City Center Theater	New York City	40.67,-73.94	00:25:00	N
						Alan Good						
						David Kulick						
						Patricia Lent						
						Larissa McGoldrick						
						Robert Swinston						
Trackers	Merce Cunningham	Dove Bradshaw	Dove Bradshaw	Dove Bradshaw	Emanuel Dimas de Melo Pimenta	Helen Barrow	20/03/91	City Center Theater	New York City	40.67,-73.94	00:30:00	Y
						Kimberly Bartosik						
						Michael Cole						
						Merce Cunningham						
						Emma Diamond						
						Chris Komar						
						Emily Navar						
						Randall Sanderson						
						Carol Teitelbaum						
						Jenifer Weaver						
						Robert Wood						
Beach Birds	Merce Cunningham		Marsha Skinner		John Cage	Helen Barrow	20/06/91	Theater 11	Zürich	47.378611111111,8.54	00:28:00	Y
						Kimberly Bartosik						
						Michael Cole						
						Victoria Finlayson						
						Alan Good						
						David Kulick						
						Larissa McGoldrick						
						Randall Sanderson						
						Robert Swinston						
						Carol Teitelbaum						
						Jenifer Weaver						
Loosestrife	Merce Cunningham	Carl Kielblock	Carl Kielblock	Carl Kielblock	Michael Pugliese	Helen Barrow	10/09/91	Théâtre de la Ville	Paris	48.856577777778,2.3518277777778	00:30:00	Y
						Kimberly Bartosik						
						Michael Cole						
						Merce Cunningham						
						Emma Diamond						
						Victoria Finlayson						
						Frédéric (Foofwa d'Imobilité) Gafner						
						Alan Good						
						Chris Komar						
						David Kulick						
						Patricia Lent						
						Larissa McGoldrick						
						Randall Sanderson						
						Robert Swinston						
						Carol Teitelbaum						
						Jenifer Weaver						
Change of Address	Merce Cunningham	Marsha Skinner	Marsha Skinner		Walter Zimmermann	Helen Barrow	31/01/92	University of Texas	Austin	30.3,-97.733333333333	00:24:00	Y
						Alan Good						
						Carol Teitelbaum						
						Chris Komar						
						David Kulick						
						Emma Diamond						
						Frédéric (Foofwa d'Imobilité) Gafner						
						Kimberly Bartosik						
						Larissa McGoldrick						
						Michael Cole						
						Patricia Lent						
						Randall Sanderson						
						Robert Swinston						
						Victoria Finlayson						
Enter	Merce Cunningham	John Cage	Marsha Skinner	Marsha Skinner	David Tudor	Helen Barrow	17/11/92	Opéra National de Paris	Paris	48.856577777778,2.3518277777778	01:00:00	Y
		Marsha Skinner				Michael Cole						
						Merce Cunningham						
						Emma Diamond						
						Jean Freebury						
						Frédéric (Foofwa d'Imobilité) Gafner						
						Alan Good						
						David Kulick						
						Patricia Lent						
						Larissa McGoldrick						
						Chris Komar						
						Randall Sanderson						
						Robert Swinston						
						Carol Teitelbaum						
						Jenifer Weaver						
Doubletoss	Merce Cunningham	Aaron Copp	Suzanne Gallo	Aaron Copp	Takehisa Kosugi	Kimberly Bartosik	26/02/93	Northrop Auditorium	Minneapolis	44.9733,-93.2643	00:27:00	Y
		Merce Cunningham	Merce Cunningham	Merce Cunningham		Michael Cole						
						Jean Freebury						
						Frédéric (Foofwa d'Imobilité) Gafner						
						Alan Good						
						David Kulick						
						Patricia Lent						
						Larissa McGoldrick						
						Chris Komar						
						Robert Swinston						
						Carol Teitelbaum						
						Jenifer Weaver						
						Emma Diamond						
Touchbase	Merce Cunningham	Mark Lancaster	Mark Lancaster		Michael Pugliese	Michael Cole	10/03/93	City Center Theater	New York City	40.67,-73.94	00:33:00	N
						Emma Diamond						
						Jean Freebury						
						David Kulick						
						Patricia Lent						
						Robert Swinston						
						Carol Teitelbaum						
CRWDSPCR	Merce Cunningham	Mark Lancaster	Mark Lancaster		John King	Kimberly Bartosik	15/07/93	American Dance Festival, Duke University	Durham	35.9875,-78.907222	00:28:00	Y
						Michael Cole						
						Emma Diamond						
						Jean Freebury						
						Frédéric (Foofwa d'Imobilité) Gafner						
						Alan Good						
						Chris Komar						
						Patricia Lent						
						Glen Rumsey						
						Jeannie Steele						
						Robert Swinston						
						Carol Teitelbaum						
						Jenifer Weaver						
Breakers	Merce Cunningham	Mary Jean Kenton	Mary Jean Kenton		John Driscoll	Kimberly Bartosik	09/03/94	City Center Theater	New York City	40.67,-73.94	00:26:00	N
						Thomas Caley						
						Michael Cole						
						Emma Diamond						
						Jean Freebury						
						Frédéric (Foofwa d'Imobilité) Gafner						
						China Laudisio						
						Banu Ogan						
						Jared Phillips						
						Glen Rumsey						
						Jeannie Steele						
						Robert Swinston						
						Cheryl Therrien						
						Jenifer Weaver						
Ocean	Merce Cunningham	Marsha Skinner	Marsha Skinner	Marsha Skinner	Andrew Culver	Kimberly Bartosik	18/05/94	Cirque Royal	Brussels	50.846666666667,4.3525	01:30:00	Y
				Aaron Copp	David Tudor	Thomas Caley						
						Michael Cole						
						Emma Diamond						
						Jean Freebury						
						Frédéric (Foofwa d'Imobilité) Gafner						
						China Laudisio						
						Matthew Mohr						
						Banu Ogan						
						Jared Phillips						
						Glen Rumsey						
						Jeannie Steele						
						Robert Swinston						
						Cheryl Therrien						
						Jenifer Weaver						
"4'33"""	Merce Cunningham				John Cage	Kimberly Bartosik	15/07/94	Central Park SummerStage	New York City	40.67,-73.94	00:04:33	N
						Lisa Boudreau						
						Thomas Caley						
						Michael Cole						
						Merce Cunningham						
						Emma Diamond						
						Jean Freebury						
						Frédéric (Foofwa d'Imobilité) Gafner						
						China Laudisio						
						Matthew Mohr						
						Banu Ogan						
						Jared Phillips						
						Glen Rumsey						
						Jeannie Steele						
						Robert Swinston						
						Cheryl Therrien						
						Jenifer Weaver						
Ground Level Overlay	Merce Cunningham	Leonardo Drew	Suzanne Gallo	Aaron Copp	Stuart Dempster	Kimberly Bartosik	08/03/95	City Center Theater	New York City	40.67,-73.94	00:32:00	Y
						Lisa Boudreau						
						Thomas Caley						
						Michael Cole						
						Jean Freebury						
						Frédéric (Foofwa d'Imobilité) Gafner						
						China Laudisio						
						Matthew Mohr						
						Banu Ogan						
						Jared Phillips						
						Glen Rumsey						
						Jeannie Steele						
						Robert Swinston						
						Cheryl Therrien						
						Jenifer Weaver						
Windows	Merce Cunningham	John Cage	Suzanne Gallo	Aaron Copp	Emanuel Dimas de Melo Pimenta	Kimberly Bartosik	23/06/95	Opéra Berlioz / Le Corum	Montpellier	43.610919444444,3.8772305555556	00:30:00	Y
						Lisa Boudreau						
						Thomas Caley						
						Michael Cole						
						Jean Freebury						
						Frédéric (Foofwa d'Imobilité) Gafner						
						China Laudisio						
						Matthew Mohr						
						Banu Ogan						
						Jared Phillips						
						Glen Rumsey						
						Robert Swinston						
						Cheryl Therrien						
						Jenifer Weaver						
Tune In / Spin Out	Merce Cunningham		Merce Cunningham		John Cage	Kimberly Bartosik	31/01/96	University of Texas	Austin	30.3,-97.733333333333	00:28:00	N
			Suzanne Gallo			Lisa Boudreau						
						Thomas Caley						
						Michael Cole						
						Jean Freebury						
						Frédéric (Foofwa d'Imobilité) Gafner						
						China Laudisio						
						Matthew Mohr						
						Banu Ogan						
						Jared Phillips						
						Jeannie Steele						
						Robert Swinston						
						Jenifer Weaver						
Installations	Merce Cunningham	Elliot Caplan	Elliot Caplan		Trimpin	Kimberly Bartosik	02/05/96	University of Washington	Seattle	47.60621,-122.33207	00:27:00	N
						Lisa Boudreau						
						Thomas Caley						
						Michael Cole						
						Jean Freebury						
						Frédéric (Foofwa d'Imobilité) Gafner						
						China Laudisio						
						Matthew Mohr						
						Banu Ogan						
						Jared Phillips						
						Glen Rumsey						
						Jeannie Steele						
						Robert Swinston						
						Cheryl Therrien						
Rondo	Merce Cunningham		Merce Cunningham	Kelly Atallah	John Cage	Kimberly Bartosik	02/06/96	Theater im Forum	Ludwigsburg	48.8975,9.1919444444444	00:26:00	Y
			Suzanne Gallo			Lisa Boudreau						
						Thomas Caley						
						Michael Cole						
						Frédéric (Foofwa d'Imobilité) Gafner						
						China Laudisio						
						Matthew Mohr						
						Banu Ogan						
						Jared Phillips						
						Glen Rumsey						
						Jeannie Steele						
						Derry Swan						
						Robert Swinston						
						Cheryl Therrien						
Scenario	Merce Cunningham	Rei Kawakubo	Rei Kawakubo	Rei Kawakubo	Takehisa Kosugi	Lisa Boudreau	14/10/97	Brooklyn Academy of Music	New York City	40.67,-73.94	00:30:00	Y
						Thomas Caley						
						Michael Cole						
						Maydelle Fason						
						Jean Freebury						
						Frédéric (Foofwa d'Imobilité) Gafner						
						China Laudisio						
						Matthew Mohr						
						Banu Ogan						
						Jared Phillips						
						Glen Rumsey						
Pond Way	Merce Cunningham	Roy Lichtenstein	Suzanne Gallo	David Covey	Brian Eno	Lisa Boudreau	13/01/98	Opéra National de Paris	Paris	48.856577777778,2.3518277777778	00:21:00	Y
						Thomas Caley						
						Holley Farmer						
						Maydelle Fason						
						Jean Freebury						
						Matthew Mohr						
						Banu Ogan						
						Jared Phillips						
						Glen Rumsey						
						Jeannie Steele						
						Derry Swan						
						Robert Swinston						
						Cheryl Therrien						
BIPED	Merce Cunningham	Shelley Eshkar	Suzanne Gallo	Aaron Copp	Gavin Bryars	Lisa Boudreau	23/04/99	Zellerbach Hall, University of California	Berkeley	37.870277777778,-122.26805555556	00:45:00	Y
		Paul Kaiser				Thomas Caley						
						Holley Farmer						
						Maydelle Fason						
						Jean Freebury						
						David Kulick						
						Matthew Mohr						
						Banu Ogan						
						Glen Rumsey						
						Daniel Squire						
						Jeannie Steele						
						Derry Swan						
Split Sides	Merce Cunningham	Catherine Yass	James Hall	James F. Ingalls	Radiohead	Cédric Andrieux	14/10/03	Brooklyn Academy of Music	New York City	40.67,-73.94	00:40:00	Y
		Robert Heishman			Sigur Ros	Mikhail Baryshnikov						
						Lisa Boudreau						
						Ashley Chen						
						Paige Cunningham						
						Holley Farmer						
						Jennifer Goggans						
						Mandy Kirschner						
						Koji Mizuta						
						Daniel Roberts						
						Cheryl Therrien						
						Daniel Squire						
						Jeannie Steele						
						Derry Swan						
						Robert Swinston						
						Cheryl Therrien						
Occasion Piece	Merce Cunningham	Jasper Johns	Suzanne Gallo		John Cage	Mikhail Baryshnikov	21/07/99	New York State Theater	New York City	40.67,-73.94	00:08:00	N
						Merce Cunningham						
Interscape	Merce Cunningham	Robert Rauschenberg	Robert Rauschenberg	Aaron Copp	John Cage	Cédric Andrieux	06/04/00	Eisenhower Theater, Kennedy Center	Washington, D.C.	38.895,-77.036666666667	00:44:00	Y
						Lisa Boudreau						
						Ashley Chen						
						Holley Farmer						
						Maydelle Fason						
						David Kulick						
						Koji Mizuta						
						Matthew Mohr						
						Banu Ogan						
						Daniel Squire						
						Jeannie Steele						
						Derry Swan						
						Robert Swinston						
						Cheryl Therrien						
Way Station	Merce Cunningham	Charles Long	James Hall	Aaron Copp	Takehisa Kosugi	Cédric Andrieux	31/03/01	City Center Theater	New York City	40.67,-73.94	00:31:00	Y
						Jonah Bokaer						
						Lisa Boudreau						
						Ashley Chen						
						Paige Cunningham						
						Holley Farmer						
						Jean Freebury						
						Jennifer Goggans						
						Mandy Kirschner						
						Koji Minato						
						Daniel Roberts						
						Daniel Squire						
						Jeannie Steele						
						Robert Swinston						
Loose Time	Merce Cunningham	Terry Winters	Terry Winters	Aaron Copp	Christian Wolff	Cédric Andrieux	01/02/02	Zellerbach Hall, University of California	Berkeley	37.870277777778,-122.26805555556	00:30:00	Y
						Jonah Bokaer						
						Lisa Boudreau						
						Ashley Chen						
						Paige Cunningham						
						Holley Farmer						
						Jean Freebury						
						Jennifer Goggans						
						Mandy Kirschner						
						Koji Mizuta						
						Daniel Roberts						
						Daniel Squire						
						Jeannie Steele						
						Derry Swan						
						Robert Swinston						
						Cheryl Therrien						
Fluid Canvas	Merce Cunningham	Marc Downie	James Hall		John King	Cédric Andrieux	10/09/02	Barbican Centre	London	51.507222222222,-0.1275	00:35:00	N
		Shelley Eshkar				Jonah Bokaer						
		Paul Kaiser				Lisa Boudreau						
						Ashley Chen						
						Paige Cunningham						
						Holley Farmer						
						Jean Freebury						
						Jennifer Goggans						
						Mandy Kirschner						
						Koji Mizuta						
						Daniel Roberts						
						Daniel Squire						
						Jeannie Steele						
						Derry Swan						
						Robert Swinston						
						Cheryl Therrien						
Views on Stage	Merce Cunningham	Ernesto Neto	James Hall	Josh Johnson	John Cage	Cédric Andrieux	29/10/04	Edinburgh Festival Theatre	Edinburgh	55.95,-3.1988888888889	00:25:00	Y
						Jonah Bokaer						
						Lisa Boudreau						
						Holley Farmer						
						Jennifer Goggans						
						Rashaun Mitchell						
						Koji Mizuta						
						Marcie Munnerlyn						
						Daniel Roberts						
						Daniel Squire						
						Jeannie Steele						
						Robert Swinston						
						Andrea Weber						
eyeSpace (20')	Merce Cunningham	Henry Samelson	Henry Samelson	Josh Johnson	Mikel Rouse	Cédric Andrieux	10/10/06	Joyce Theater	New York City	40.67,-73.94	00:20:00	Y
						Jonah Bokaer						
						Lisa Boudreau						
						Brandon Collwes						
						Julie Cunningham						
						Emma Desjardins						
						Holley Farmer						
						Jennifer Goggans						
						Koji Mizuta						
						Marcie Munnerlyn						
						Daniel Squire						
						Andrea Weber						
eyeSpace (40')	Merce Cunningham	Daniel Arsham	Daniel Arsham	Josh Johnson	Annea Lockwood Jitterbug	Cédric Andrieux	23/02/07	Opera House, Carnival Center	Miami	25.783333333333,-80.216666666667	00:40:00	Y
					David Behrman	Lisa Boudreau						
						Brandon Collwes						
						Emma Desjardins						
						Jennifer Goggans						
						Rashaun Mitchell						
						Marcie Munnerlyn						
						Melissa Toogood						
						Andrea Weber						
						Daniel Squire						
						Koji Mizuta						
						Holley Farmer						
						Jonah Bokaer						
XOVER	Merce Cunningham	Robert Rauschenberg	Robert Rauschenberg	Josh Johnson	John Cage	Jonah Bokaer	05/10/07	Dartmouth College: Hopkins Center for the Arts	Hanover	43.702222222222,-72.206111111111	00:21:00	Y
						Lisa Boudreau				43.7083,-72.2772		
						Brandon Collwes						
						Julie Cunningham						
						Emma Desjardins						
						Holley Farmer						
						Jennifer Goggans						
						Daniel Madoff						
						Rashaun Mitchell						
						Koji Mizuta						
						Marcie Munnerlyn						
						Daniel Squire						
						Andrea Weber						
Nearly Ninety	Merce Cunningham	Benedetta Tagliabue	Romeo Gigli	Brian MacDevitt	Takehisa Kosugi	Brandon Collwes	16/04/09	Brooklyn Academy of Music	New York City	40.67,-73.94	01:26:00	Y
					John Paul Jones	Julie Cunningham						
						Emma Desjardins						
						Holley Farmer						
						Jennifer Goggans						
						Daniel Madoff						
						Rashaun Mitchell						
						Koji Mizuta						
						Marcie Munnerlyn						
						Silas Riener						
						Daniel Squire						
						Melissa Toogood						
						Andrea Weber						
Nearly 90^2	Merce Cunningham		Anna Finke	Christine Shallenberg	John Paul Jones	Brandon Collwes	25/09/09	Krannert Center for the Arts	Urbana	40.109722222222,-88.204166666667	01:26:00	Y
					Takehisa Kosugi	Dylan Crossman						
						Julie Cunningham						
						Emma Desjardins						
						Jennifer Goggans						
						John Hinrichs						
						Daniel Madoff						
						Rashaun Mitchell						
						Marcie Munnerlyn						
						Silas Riener						
						Jamie Scott						
						Melissa Toogood						
						Andrea Weber						
